<?xml version="1.0" encoding="UTF-8" standalone="yes"?>
<addon id="repository.toongav" name="toongav repo" version="1.0" provider-name="toongav">
    <extension point="xbmc.addon.repository" name="toongav repo">
        <dir>
            <info compressed="false">https://raw.githubusercontent.com/toongav/repository.toongav/master/repo/zips/addons.xml</info>
            <checksum>https://raw.githubusercontent.com/toongav/repository.toongav/master/repo/zips/addons.xml.md5</checksum>
            <datadir zip="true">https://raw.githubusercontent.com/toongav/repository.toongav/master/repo/zips/</datadir>
        </dir>
    </extension>
    <extension point="xbmc.addon.metadata">
        <summary>toongav repo</summary>
        <description>kodi addon repo</description>
        <disclaimer></disclaimer>
        <platform>all</platform>
        <assets>
            <icon>icon.png</icon>
            <fanart>fanart.jpg</fanart>
        </assets>
    </extension>
</addon>